10025684	1	T1,T3
10025684	2	T2,T4
10027835	3	T1,T3
10027835	6	T2,T4
10027842	1	T1,T4
10027842	2	T2,T5
10027842	10	T3,T6
10027850	1	T1,T4
10027850	5	T2,T5
10027850	8	T3,T6
10028924	0	T1,T4
10028924	10	T2,T5
10028924	14	T3,T6
10037500	1	T1,T2
10051426	0	T1,T3,T4
10051426	7	T2,T5,T6
10052979	1	T1,T4
10052979	2	T2,T5
10052979	3	T3,T6
10064829	1	T1,T3
10064829	16	T2,T4
10067800	0	T1,T3
10067800	2	T2,T4
10068594	1	T1,T2
10069682	4	T1,T2
10073743	1	T1,T2
10075051	1	T1,T2
10075381	3	T1,T2
10082805	8	T1,T2
10088139	3	T1,T2
10091674	0	T1,T5
10091674	1	T2,T6
10091674	2	T3,T7
10091674	3	T4,T8
10101238	0	T1,T6
10101238	1	T2,T7
10101238	2	T3,T8
10101238	11	T4,T9
10101238	12	T5,T10
10102370	1	T1,T2
10103097	5	T1,T2
10188639	4	T1,T2
10188968	0	T1,T3
10188968	9	T2,T4
10199854	5	T1,T2
10199939	5	T1,T3,T4
10199939	11	T2,T5,T6
10208549	0	T1,T6
10208549	2	T2,T7
10208549	3	T3,T8
10208549	4	T4,T9
10208549	5	T5,T10
10210906	8	T1,T2
10212017	6	T1,T2
10214942	1	T1,T4
10214942	2	T2,T5
10214942	3	T3,T6
10215667	4	T1,T4
10215667	7	T2,T5
10215667	9	T3,T6
10215901	0	T1,T6
10215901	3	T2,T7
10215901	8	T3,T8
10215901	9	T4,T9
10215901	10	T5,T10
10220944	8	T1,T2
10221756	5	T1,T2
10222233	5	T1,T2
10224140	8	T1,T2
10227113	4	T1,T5
10227113	5	T2,T6
10227113	7	T3,T7
10227113	11	T4,T8,T9
10229494	8	T1,T2
10231134	3	T1,T4
10231134	4	T2,T5
10231134	5	T3,T6
10328880	3	T1,T2
10328995	4	T1,T2
10331108	1	T1,T2
10358065	8	T1,T2
10363282	3	T1,T2
10365684	1	T1,T2,T3
10368402	5	T1,T2
10372826	9	T1,T2
10374120	2	T1,T2
10374898	2	T1,T3
10374898	3	T2,T4
10376921	0	T1,T4
10376921	2	T2,T5
10376921	6	T3,T6
10378121	2	T1,T3
10378121	8	T2,T4
10403429	0	T1,T3
10403429	2	T2,T4
10403500	1	T1,T7
10403500	2	T2,T8
10403500	3	T3,T9
10403500	4	T4,T10
10403500	7	T5,T11
10403500	9	T6,T12
10413067	1	T1,T5
10413067	3	T2,T6
10413067	5	T3,T7
10413067	6	T4,T8
10418858	7	T1,T2
10420171	3	T1,T2
10421444	1	T1,T2
10422661	0	T1,T2
10422790	1	T1,T4
10422790	3	T2,T5
10422790	4	T3,T6
10428422	8	T1,T2
10430100	1	T1,T2
10433496	3	T1,T2,T3,T4,T5,T6
10433700	2	T1,T2
10435395	0	T1,T2
10435400	0	T1,T5
10435400	2	T2,T6
10435400	6	T3,T7
10435400	7	T4,T8
10444479	6	T1,T2
10450786	1	T1,T2
10454501	10	T1,T2
10455274	2	T1,T2,T3
10455282	7	T1,T2
10458598	7	T1,T2
10463324	0	T1,T2
10475242	1	T1,T2
10482907	2	T1,T2
10485477	2	T1,T3
10485477	10	T2,T4
10485483	9	T1,T2
10494028	7	T1,T2,T3
10494488	2	T1,T2
10500149	1	T1,T2,T3
10510461	0	T1,T6
10510461	2	T2,T7
10510461	4	T3,T8
10510461	5	T4,T9
10510461	9	T5,T10
10513568	1	T1,T2,T9
10513568	7	T3,T4,T10
10513568	8	T5,T6,T11
10513568	10	T7,T8,T12
10518593	5	T1,T3
10518593	6	T2,T4
10529188	12	T1,T2
10548525	4	T1,T2
10555907	0	T1,T3
10555907	2	T2,T4
10566562	3	T1,T3
10566562	4	T2,T4
10567199	4	T1,T3
10567199	8	T2,T4
10567922	7	T1,T2
10575045	6	T1,T2
10580458	2	T1,T2
10581306	12	T1,T2
10601100	2	T1,T3
10601100	8	T2,T4
10604939	5	T1,T2
10606440	3	T1,T2
10625393	2	T1,T2
10639181	3	T1,T3
10639181	5	T2,T4
10648647	0	T1,T4
10648647	1	T2,T5
10648647	10	T3,T6
10651143	9	T1,T2
10651997	5	T1,T3
10651997	6	T2,T4
10657949	9	T1,T2
10673128	2	T1,T3
10673128	10	T2,T4
10685879	4	T1,T3
10685879	10	T2,T4
10712445	7	T1,T2
10713582	3	T1,T2
10727523	6	T1,T3
10727523	9	T2,T4,T5
10741458	2	T1,T3
10741458	5	T2,T4
10742172	0	T1,T3
10742172	3	T2,T4
10753628	7	T1,T2
10755318	4	T1,T2
10758053	0	T1,T2
10762042	2	T1,T2
10762666	0	T1,T5
10762666	3	T2,T6
10762666	4	T3,T7
10762666	6	T4,T8
10764590	4	T1,T2
10766749	8	T1,T5
10766749	9	T2,T6
10766749	10	T3,T7
10766749	11	T4,T8
10770198	1	T1,T6
10770198	4	T2,T7
10770198	5	T3,T8
10770198	6	T4,T9
10770198	10	T5,T10
10773011	6	T1,T3
10773011	10	T2,T4
10773014	5	T1,T5
10773014	6	T2,T3,T6
10773014	7	T4,T7
10787442	4	T1,T2
10793196	1	T1,T2,T3
10799317	2	T1,T3
10799317	3	T2,T4
10799660	4	T1,T2
10805052	0	T1,T2
10814558	1	T1,T2
10815932	5	T1,T2
10821438	1	T1,T3
10821438	3	T2,T4
10823899	6	T1,T2
10824628	1	T1,T2
10826401	0	T1,T3
10826401	1	T2,T4
10828060	3	T1,T2
10831180	5	T1,T5
10831180	6	T2,T6
10831180	7	T3,T7
10831180	8	T4,T8
10836199	6	T1,T2
10841524	3	T1,T2
10856732	0	T1,T2
10860024	5	T1,T2
10869387	3	T1,T2,T4
10869387	8	T3,T5
10869589	1	T1,T2
10871202	2	T1,T6
10871202	3	T2,T7
10871202	5	T3,T8
10871202	7	T4,T9
10871202	8	T5,T10
10873710	3	T1,T4
10873710	5	T2,T5
10873710	11	T3,T6
10879826	4	T1,T3
10879826	6	T2,T4
10898598	7	T1,T2
10917554	0	T1,T5
10917554	5	T2,T6
10917554	6	T3,T7
10917554	7	T4,T8
10921913	1	T1,T2
10922459	4	T1,T2
10950107	8	T1,T3
10950107	12	T2,T4
10951268	8	T1,T2
10952689	0	T1,T5
10952689	4	T2,T6
10952689	5	T3,T7
10952689	10	T4,T8
10961955	0	T1,T3
10961955	3	T2,T4
10968199	0	T1,T2
10977131	1	T1,T4
10977131	8	T2,T5
10977131	13	T3,T6
10991846	6	T1,T2
10995826	7	T1,T2
10997731	1	T1,T2,T3,T4,T6
10997731	4	T5,T7
10998224	3	T1,T3
10998224	4	T2,T4
11006272	12	T1,T2
11009046	5	T1,T2
11018525	3	T1,T3
11018525	5	T2,T4
11027924	1	T1,T2,T3
11041225	3	T1,T3
11041225	10	T2,T4
11046101	5	T1,T2
11050088	3	T1,T4
11050088	7	T2,T5,T6
11050088	8	T3,T7,T8
11061213	4	T1,T2
11069595	7	T1,T2
11073937	2	T1,T2
11078030	1	T1,T2,T3
11090546	0	T1,T7
11090546	1	T2,T8
11090546	5	T3,T9
11090546	7	T4,T10
11090546	8	T5,T11
11090546	11	T6,T12
11102491	2	T1,T2
11103883	7	T1,T3
11103883	9	T2,T4
11108662	4	T1,T2
11118042	7	T1,T3
11118042	8	T2,T4
11120594	1	T1,T3
11120594	2	T2,T4
11121413	3	T1,T2
11132243	1	T1,T2,T3,T5,T6,T7,T8,T9
11132243	3	T4,T10,T11,T12
11153163	10	T1,T2,T3
11164846	0	T1,T3
11164846	4	T2,T4
11166283	0	T1,T5
11166283	1	T2,T6
11166283	4	T3,T7
11166283	7	T4,T8
11172467	3	T1,T2
11180498	5	T1,T2
11204352	2	T1,T2
11218067	18	T1,T2
11222668	4	T1,T2
11245456	1	T1,T2
11245463	8	T1,T2
11247671	3	T1,T3
11247671	5	T2,T4
11248372	1	T1,T3
11248372	4	T2,T4
11258648	1	T1,T2
11259539	3	T1,T5
11259539	5	T2,T6
11259539	6	T3,T7
11259539	8	T4,T8
11271412	2	T1,T2
11275997	0	T1,T4
11275997	6	T2,T5
11275997	10	T3,T6
11277529	2	T1,T3
11277529	4	T2,T4
11290327	1	T1,T2
11295178	8	T1,T2
11296551	1	T1,T2
11300648	5	T1,T2
11300876	5	T1,T2
11302941	4	T1,T2
11304754	5	T1,T3
11304754	9	T2,T4
11313435	5	T1,T2
11319222	7	T1,T5
11319222	8	T2,T6
11319222	9	T3,T7
11319222	12	T4,T8
11320369	0	T1,T2
11325413	1	T1,T3
11325413	2	T2,T4
11325810	8	T1,T3
11325810	11	T2,T4
11325930	4	T1,T3
11325930	9	T2,T4
11329095	0	T1,T2
11330342	0	T1,T4
11330342	2	T2,T5
11330342	12	T3,T6
11342206	4	T1,T2
11343576	3	T1,T3
11343576	13	T2,T4
11350858	2	T1,T2
11352938	6	T1,T2
11352979	0	T1,T4
11352979	9	T2,T5
11352979	11	T3,T6,T7
11357996	0	T1,T3
11357996	1	T2,T4
11377395	3	T1,T3
11377395	4	T2,T4
11395483	9	T1,T3
11395483	10	T2,T4
11408092	1	T1,T2
11408526	0	T1,T4
11408526	1	T2,T5
11408526	13	T3,T6
11413269	2	T1,T2
11426832	3	T1,T3,T4
11426832	6	T2,T5,T6
11443057	2	T1,T2
11444429	6	T1,T2
11444497	0	T1,T3
11444497	1	T2,T4
11448221	1	T1,T2
11455015	5	T1,T2
11463765	1	T1,T2
11477109	2	T1,T3
11477109	7	T2,T4
11486244	0	T1,T3
11486244	2	T2,T4
11500505	9	T1,T3
11500505	10	T2,T4
11502876	4	T1,T2
11519881	3	T1,T2
11524006	3	T1,T7
11524006	6	T2,T8
11524006	7	T3,T9
11524006	8	T4,T10
11524006	9	T5,T11
11524006	10	T6,T12
11524243	5	T1,T2
11529688	3	T1,T2
11535580	0	T1,T4
11535580	3	T2,T5
11535580	4	T3,T6
11561080	6	T1,T5
11561080	9	T2,T6
11561080	11	T3,T7
11561080	12	T4,T8
11563332	2	T1,T2
11569611	2	T1,T2
11570967	7	T1,T2
11588175	8	T1,T2
11588534	6	T1,T2
11594437	0	T1,T3
11594437	1	T2,T4
11594443	0	T1,T4
11594443	1	T2,T5,T6
11594443	2	T3,T7
11642004	4	T1,T2
11669456	4	T1,T2
11669467	3	T1,T4
11669467	4	T2,T5
11669467	11	T3,T6
11689132	2	T1,T2
11697552	0	T1,T5
11697552	3	T2,T6
11697552	8	T3,T7
11697552	9	T4,T8
11698253	4	T1,T2
11719704	8	T1,T3
11719704	12	T2,T4
11723241	2	T1,T4
11723241	4	T2,T5
11723241	8	T3,T6
11728190	2	T1,T2
11729362	8	T1,T3
11729362	9	T2,T4
11740958	0	T1,T5
11740958	2	T2,T6
11740958	3	T3,T7
11740958	4	T4,T8
11741727	10	T1,T2
11746710	11	T1,T2
11747436	3	T1,T2
11747625	5	T1,T3
11747625	6	T2,T4
11752096	4	T1,T2
11783365	1	T1,T2
11785774	2	T1,T2
11790786	10	T1,T2
11805217	6	T1,T2
11814865	0	T1,T2
11817517	3	T1,T2
11819669	5	T1,T3
11819669	7	T2,T4
11823786	8	T1,T2
11834888	4	T1,T2
11854433	4	T1,T2
11869873	3	T1,T2
11874390	0	T1,T4
11874390	1	T2,T5
11874390	3	T3,T6
11889204	2	T1,T2
11890515	0	T1,T6
11890515	5	T2,T7
11890515	6	T3,T8
11890515	14	T4,T9
11890515	15	T5,T10
11897116	0	T1,T2
11899840	1	T1,T2
11906285	1	T1,T4
11906285	3	T2,T5
11906285	4	T3,T6
11910268	1	T1,T3
11910268	2	T2,T4
11916794	2	T1,T4
11916794	5	T2,T5
11916794	9	T3,T6
11920914	1	T1,T2
11933204	1	T1,T2
11939936	1	T1,T2
11944917	0	T1,T8
11944917	3	T2,T9,T10
11944917	4	T3,T11
11944917	5	T4,T12,T13,T14
11944917	6	T5,T15
11944917	8	T6,T16
11944917	9	T7,T17
11948006	1	T1,T2
11952155	11	T1,T2
11956172	6	T1,T2
11961144	6	T1,T3
11961144	10	T2,T4
12010765	0	T1,T2,T3
12023318	3	T1,T2
12023506	7	T1,T5
12023506	9	T2,T6
12023506	10	T3,T7
12023506	11	T4,T8
12023686	0	T1,T2
12034032	11	T1,T2
12055598	2	T1,T2
12057839	0	T1,T5
12057839	3	T2,T6
12057839	4	T3,T7
12057839	5	T4,T8
12063084	0	T1,T2
12063169	6	T1,T2
12065733	4	T1,T2
12079382	2	T1,T4
12079382	3	T2,T5
12079382	8	T3,T6
12086984	1	T1,T5
12086984	4	T2,T6
12086984	9	T3,T7
12086984	13	T4,T8
12097269	2	T1,T2
12104042	1	T1,T3
12104042	10	T2,T4
12107644	8	T1,T2
12110513	2	T1,T3
12110513	6	T2,T4
12111824	2	T1,T2
12130730	5	T1,T3,T4
12130730	10	T2,T5,T6
12147264	8	T1,T2
12151556	3	T1,T4
12151556	4	T2,T5
12151556	5	T3,T6
12166927	0	T1,T3
12166927	2	T2,T4
12167662	2	T1,T3
12167662	7	T2,T4
12172398	0	T1,T4
12172398	1	T2,T5
12172398	2	T3,T6
12176129	0	T1,T2
12185406	1	T1,T3
12185406	2	T2,T4
12196472	3	T1,T2,T7
12196472	4	T3,T8
12196472	6	T4,T9
12196472	8	T5,T6,T10
12209010	0	T1,T5
12209010	2	T2,T6
12209010	5	T3,T7
12209010	6	T4,T8
12213055	7	T1,T2
12222762	0	T1,T4
12222762	4	T2,T5
12222762	7	T3,T6
12233819	5	T1,T3
12233819	7	T2,T4
12401318	7	T1,T2
12402511	2	T1,T4
12402511	8	T2,T5
12402511	9	T3,T6
12407077	2	T1,T3
12407077	5	T2,T4
12416030	0	T1,T3
12416030	2	T2,T4
12421478	1	T1,T2
12446609	5	T1,T3
12446609	9	T2,T4
12460705	0	T1,T2
12464448	11	T1,T2
12477710	3	T1,T2
12488248	5	T1,T2
12504781	0	T1,T2
12517791	4	T1,T4
12517791	11	T2,T5
12517791	12	T3,T6
12522088	3	T1,T4
12522088	4	T2,T5
12522088	6	T3,T6
12527923	4	T1,T2
12534640	3	T1,T2
12538800	1	T1,T2,T13
12538800	5	T3,T4,T14
12538800	6	T5,T15
12538800	7	T6,T16
12538800	8	T7,T8,T17
12538800	9	T9,T10,T18
12538800	11	T11,T12,T19
12540520	0	T1,T2
12554648	6	T1,T2
12562791	0	T1,T4
12562791	7	T2,T5
12562791	8	T3,T6
12562875	2	T1,T3
12562875	3	T2,T4
12563315	0	T1,T5
12563315	6	T2,T6
12563315	7	T3,T7
12563315	8	T4,T8
12564641	0	T1,T4
12564641	4	T2,T5
12564641	5	T3,T6
12564662	4	T1,T2
12573452	0	T1,T6
12573452	2	T2,T7
12573452	3	T3,T8
12573452	6	T4,T9
12573452	11	T5,T10
12584187	7	T1,T3
12584187	8	T2,T4
12589396	6	T1,T2
12589516	0	T1,T2
12604678	2	T1,T8
12604678	3	T2,T9
12604678	4	T3,T10
12604678	5	T4,T11
12604678	6	T5,T12
12604678	7	T6,T13
12604678	9	T7,T14
12606318	7	T1,T2
12613273	0	T1,T2
12618228	0	T1,T3
12618228	3	T2,T4
12641839	1	T1,T2
12644588	1	T1,T5
12644588	4	T2,T6
12644588	5	T3,T7
12644588	9	T4,T8
12646212	3	T1,T4
12646212	5	T2,T5
12646212	6	T3,T6
12649191	3	T1,T2
12650887	0	T1,T4
12650887	1	T2,T5
12650887	2	T3,T6
12654248	4	T1,T3,T4
12654248	7	T2,T5
12658774	6	T1,T2
12676070	1	T1,T2
12710529	0	T1,T2
12726885	2	T1,T2
12736332	0	T1,T4
12736332	1	T2,T5
12736332	6	T3,T6
12761331	1	T1,T3
12761331	3	T2,T4
12763661	1	T1,T5
12763661	2	T2,T6
12763661	3	T3,T7
12763661	4	T4,T8
12764427	3	T1,T2
12776178	2	T1,T2
1278093	1	T1,T2
12782193	0	T1,T2
12784866	7	T1,T4
12784866	8	T2,T5
12784866	9	T3,T6
12795770	2	T1,T2
12818951	4	T1,T6
12818951	5	T2,T7
12818951	6	T3,T8
12818951	7	T4,T9
12818951	10	T5,T10
12830709	0	T1,T2
12839875	8	T1,T3
12839875	9	T2,T4
12872009	4	T1,T2
12873632	8	T1,T3
12873632	9	T2,T4
12876237	1	T1,T2
12885787	4	T1,T3
12885787	6	T2,T4
12887610	2	T1,T2
12890675	8	T1,T2
12897821	3	T1,T2
12920235	1	T1,T4
12920235	3	T2,T5
12920235	4	T3,T6
12925531	6	T1,T2
12935323	6	T1,T2
12955149	6	T1,T2
12956733	5	T1,T2
12970106	0	T1,T2
12970383	1	T1,T2
1311390	1	T1,T3
1311390	2	T2,T4
13129658	1	T1,T2
1320691	6	T1,T2
1323650	9	T1,T2
1324091	3	T1,T2
13679187	0	T1,T3
13679187	1	T2,T4
1378042	9	T1,T2
1382157	1	T1,T3
1382157	5	T2,T4
1382161	3	T1,T2
1407010	4	T1,T2,T3
1424804	0	T1,T3
1424804	1	T2,T4
1426023	1	T1,T2
14504136	5	T1,T2
14510637	3	T1,T3
14510637	9	T2,T4
14513718	9	T1,T2
14515341	1	T1,T2
14534310	1	T1,T2
14534362	7	T1,T2
14550679	1	T1,T3
14550679	2	T2,T4
14568028	1	T1,T2
14568029	1	T1,T5
14568029	8	T2,T6
14568029	10	T3,T7
14568029	12	T4,T8
14581123	13	T1,T2
14638394	3	T1,T2
14644446	0	T1,T5
14644446	3	T2,T6
14644446	4	T3,T7
14644446	5	T4,T8
14646172	8	T1,T2
14647959	0	T1,T2
14663936	1	T1,T2
14664717	1	T1,T5
14664717	3	T2,T6
14664717	5	T3,T7
14664717	7	T4,T8
14674677	0	T1,T4
14674677	4	T2,T5
14674677	7	T3,T6
14675103	4	T1,T4
14675103	8	T2,T3,T5
14675762	2	T1,T2
1468487	0	T1,T4
1468487	3	T2,T5
1468487	5	T3,T6
14689449	7	T1,T2
14704128	0	T1,T3
14704128	1	T2,T4
14716203	1	T1,T3
14716203	2	T2,T4
14716205	0	T1,T3
14716205	1	T2,T4
14726523	7	T1,T2
14728705	0	T1,T4
14728705	6	T2,T5
14728705	9	T3,T6
14729151	4	T1,T2
14742690	4	T1,T2,T3
14744615	0	T1,T2
1475066	4	T1,T2
14769835	2	T1,T2
1483111	6	T1,T2
14968366	1	T1,T2
14976318	6	T1,T2
14993096	10	T1,T2
15013161	6	T1,T2
15026875	0	T1,T2
15037111	6	T1,T3
15037111	12	T2,T4
15039140	7	T1,T2
15044619	5	T1,T2
15046718	2	T1,T2
15056115	1	T1,T2
15056483	3	T1,T2
15059893	3	T1,T4
15059893	8	T2,T5
15059893	10	T3,T6
15094841	2	T1,T2
15098086	7	T1,T2,T3,T8
15098086	12	T4,T9
15098086	13	T5,T6,T7,T10
15100703	3	T1,T3
15100703	4	T2,T4
15105445	7	T1,T3
15105445	9	T2,T4
15108178	3	T1,T2
15111016	0	T1,T6
15111016	2	T2,T7
15111016	4	T3,T8
15111016	9	T4,T9
15111016	11	T5,T10
15113605	1	T1,T6
15113605	2	T2,T7
15113605	9	T3,T8
15113605	10	T4,T9
15113605	13	T5,T10
15115391	1	T1,T2
15125690	2	T1,T4
15125690	10	T2,T5
15125690	12	T3,T6
15135665	4	T1,T2
15138278	4	T1,T2
15140279	4	T1,T3
15140279	11	T2,T4
15148258	0	T1,T7
15148258	3	T2,T8
15148258	5	T3,T9
15148258	8	T4,T10
15148258	9	T5,T11
15148258	10	T6,T12
15155210	9	T1,T2
15157745	1	T1,T2
15161930	2	T1,T4
15161930	3	T2,T5
15161930	7	T3,T6
15175324	2	T1,T6,T7
15175324	3	T2,T8,T9
15175324	5	T3,T10
15175324	6	T4,T11
15175324	9	T5,T12,T13
15178355	7	T1,T2
15189034	1	T1,T2
15190109	0	T1,T5
15190109	1	T2,T6
15190109	2	T3,T7
15190109	9	T4,T8
15198480	1	T1,T2
15219283	1	T1,T3
15219283	5	T2,T4
15219414	5	T1,T5
15219414	7	T2,T6
15219414	9	T3,T7
15219414	10	T4,T8
15229223	2	T1,T2
15236580	2	T1,T2
15242819	1	T1,T4
15242819	2	T2,T5
15242819	4	T3,T6
15256478	2	T1,T5
15256478	3	T2,T6
15256478	9	T3,T7
15256478	11	T4,T8
15258254	5	T1,T2
15261304	2	T1,T2
15266014	0	T1,T4
15266014	7	T2,T5
15266014	12	T3,T6
15269827	1	T1,T2
15272045	1	T1,T6
15272045	2	T2,T7
15272045	3	T3,T8
15272045	5	T4,T9
15272045	8	T5,T10
15272206	0	T1,T5
15272206	2	T2,T6
15272206	7	T3,T7
15272206	8	T4,T8
15276617	5	T1,T2
15280391	0	T1,T5
15280391	2	T2,T6,T7,T8
15280391	3	T3,T9,T10
15280391	8	T4,T11,T12,T13,T14
15286207	0	T1,T2
15289798	1	T1,T4
15289798	2	T2,T5
15289798	9	T3,T6
15289999	0	T1,T2
15300361	2	T1,T6
15300361	3	T2,T7
15300361	6	T3,T8
15300361	7	T4,T9
15300361	12	T5,T10
15306222	1	T1,T3
15306222	2	T2,T4
15306243	0	T1,T2
15311065	2	T1,T2
15314102	0	T1,T3
15314102	2	T2,T4
15330152	0	T1,T7
15330152	6	T2,T8
15330152	7	T3,T9
15330152	8	T4,T10
15330152	9	T5,T11
15330152	10	T6,T12
15332709	5	T1,T2,T3
15353401	7	T1,T2
15353592	4	T1,T2
15358223	4	T1,T3
15358223	5	T2,T4
15365090	1	T1,T2
15374980	1	T1,T2
15377641	9	T1,T3,T4
15377641	11	T2,T5
15380228	1	T1,T3
15380228	4	T2,T4
15456537	1	T1,T2
15466450	0	T1,T11,T12
15466450	1	T2,T13
15466450	2	T3,T14
15466450	3	T4,T15,T16,T17
15466450	4	T5,T18,T19
15466450	6	T6,T20
15466450	7	T7,T21
15466450	8	T8,T22
15466450	9	T9,T23,T24
15466450	10	T10,T25
15481318	3	T1,T3
15481318	15	T2,T4
15481334	10	T1,T2
15483189	6	T1,T2
15494133	6	T1,T2
15504856	3	T1,T2
15514211	0	T1,T3
15514211	2	T2,T4
15531579	3	T1,T5
15531579	4	T2,T6
15531579	5	T3,T7
15531579	8	T4,T8
15531591	0	T1,T2
15537337	1	T1,T2
15537887	5	T1,T2
15548677	6	T1,T2
15548764	7	T1,T2
15550676	8	T1,T2
15554912	1	T1,T2,T11
15554912	3	T3,T12
15554912	4	T4,T13
15554912	5	T5,T14
15554912	6	T6,T15
15554912	7	T7,T16
15554912	8	T8,T17
15554912	9	T9,T10,T18
15561838	1	T1,T2
15562618	4	T1,T2
15563582	4	T1,T2
15571283	1	T1,T6
15571283	3	T2,T7
15571283	4	T3,T8
15571283	5	T4,T9
15571283	6	T5,T10
15573751	0	T1,T3
15573751	1	T2,T4
15574747	9	T1,T2
15579329	5	T1,T2
15579516	0	T1,T3
15579516	2	T2,T4
15580557	0	T1,T4
15580557	1	T2,T5
15580557	3	T3,T6
15598423	3	T1,T3
15598423	4	T2,T4
15606893	3	T1,T2
15618715	5	T1,T2
15625110	7	T1,T2
15644956	3	T1,T2
15647998	2	T1,T2
15661821	1	T1,T2
15668944	8	T1,T2
15673722	1	T1,T2
15673729	5	T1,T2
15674236	3	T1,T4
15674236	9	T2,T5
15674236	11	T3,T6
15679830	0	T1,T6
15679830	2	T2,T7
15679830	3	T3,T8
15679830	4	T4,T9
15679830	6	T5,T10
15680473	1	T1,T2
15680478	7	T1,T2
15685243	3	T1,T2
15689414	5	T1,T7
15689414	6	T2,T8
15689414	8	T3,T9
15689414	9	T4,T10
15689414	10	T5,T11
15689414	11	T6,T12
15694263	0	T1,T3
15694263	4	T2,T4
15695064	9	T1,T2
15698514	0	T1,T4
15698514	5	T2,T5
15698514	7	T3,T6
15705795	4	T1,T3
15705795	5	T2,T4
15713990	2	T1,T2
15716633	9	T1,T3
15716633	10	T2,T4
15723541	1	T1,T2
15730717	0	T1,T2
15748894	3	T1,T2
15749336	2	T1,T2
15753388	4	T1,T2
15756931	1	T1,T2
15758172	5	T1,T3
15758172	7	T2,T4
15770365	2	T1,T3
15770365	3	T2,T4
15771438	2	T1,T2
15778128	1	T1,T2
15778703	0	T1,T7
15778703	4	T2,T8
15778703	8	T3,T9
15778703	15	T4,T10
15778703	17	T5,T11
15778703	18	T6,T12
15781964	3	T1,T5
15781964	4	T2,T6
15781964	6	T3,T7
15781964	7	T4,T8
15790782	0	T1,T3
15790782	7	T2,T4
15803362	1	T1,T3
15803362	2	T2,T4
15814090	5	T1,T2
15814154	1	T1,T2
15831440	2	T1,T5
15831440	3	T2,T6
15831440	7	T3,T7
15831440	9	T4,T8
15840408	4	T1,T2
15850602	10	T1,T2
15860753	4	T1,T2
15862515	0	T1,T2
15864123	3	T1,T3
15864123	14	T2,T4
15866114	3	T1,T2
15869562	6	T1,T3
15869562	9	T2,T4
15870086	1	T1,T2
15878511	1	T1,T2
15880143	10	T1,T2
15888508	0	T1,T2
15893416	1	T1,T2
15897880	4	T1,T2
15901795	5	T1,T3
15901795	8	T2,T4
15905177	5	T1,T3
15905177	7	T2,T4
15916724	0	T1,T5
15916724	1	T2,T6
15916724	6	T3,T4,T7,T8
15917433	6	T1,T2
15917650	0	T1,T5
15917650	3	T2,T6
15917650	5	T3,T7
15917650	6	T4,T8
15928087	0	T1,T8
15928087	2	T2,T9
15928087	3	T3,T10
15928087	4	T4,T11
15928087	5	T5,T12
15928087	6	T6,T13
15928087	7	T7,T14
15929991	0	T1,T5
15929991	3	T2,T6
15929991	5	T3,T7
15929991	7	T4,T8
15931068	0	T1,T3
15931068	1	T2,T4
15937332	4	T1,T2
15943176	1	T1,T2
15949566	0	T1,T4
15949566	5	T2,T5
15949566	6	T3,T6
15967876	0	T1,T6
15967876	6	T2,T7
15967876	8	T3,T8
15967876	9	T4,T9
15967876	10	T5,T10
15976447	2	T1,T2
15982786	1	T1,T2
15986196	1	T1,T2
15994348	4	T1,T3
15994348	5	T2,T4
16000430	12	T1,T2
16009352	5	T1,T3,T4
16009352	6	T2,T5
16010590	3	T1,T3
16010590	4	T2,T4
16012181	2	T1,T2
16038799	3	T1,T2
16041196	4	T1,T4
16041196	5	T2,T5
16041196	7	T3,T6
16041398	9	T1,T3
16041398	11	T2,T4
16060857	5	T1,T2
16080974	3	T1,T2
16082424	0	T1,T6
16082424	2	T2,T7
16082424	4	T3,T8
16082424	8	T4,T9
16082424	11	T5,T10
16085334	3	T1,T2
16087693	0	T1,T3
16087693	1	T2,T4
16091048	5	T1,T2
16099840	0	T1,T5,T6
16099840	1	T2,T7,T8
16099840	3	T3,T9,T10
16099840	5	T4,T11
16109140	9	T1,T2
16116337	1	T1,T3
16116337	10	T2,T4
16126915	4	T1,T2
16138927	3	T1,T2
16139169	4	T1,T2
16140280	1	T1,T3
16140280	4	T2,T4
16144296	2	T1,T3
16144296	5	T2,T4
16148027	9	T1,T2
16153117	4	T1,T2
16157482	4	T1,T2
16170366	0	T1,T5
16170366	2	T2,T6
16170366	3	T3,T7
16170366	4	T4,T8
16177222	5	T1,T2,T3
16182256	1	T1,T2
16184369	3	T1,T2
16199482	3	T1,T2
16205964	0	T1,T3
16205964	2	T2,T4
1620654	4	T1,T2
16234514	1	T1,T2
16237394	1	T1,T3
16237394	5	T2,T4
16243998	3	T1,T4
16243998	7	T2,T5
16243998	8	T3,T6
16249494	1	T1,T2,T3
16263802	5	T1,T2
16290292	0	T1,T3
16290292	4	T2,T4
16297435	5	T1,T2
16300395	2	T1,T2
16300628	3	T1,T2
16306443	0	T1,T5
16306443	3	T2,T6
16306443	4	T3,T7
16306443	6	T4,T8
16313925	3	T1,T2,T4
16313925	5	T3,T5
16314852	6	T1,T3
16314852	9	T2,T4
16315032	0	T1,T3
16315032	2	T2,T4
16319075	6	T1,T2
16333859	1	T1,T5
16333859	2	T2,T6
16333859	3	T3,T4,T7
16335785	0	T1,T3
16335785	2	T2,T4
16336943	0	T1,T3
16336943	4	T2,T4
16339527	2	T1,T2
16362726	0	T1,T2
16396637	2	T1,T5
16396637	5	T2,T6
16396637	9	T3,T7
16396637	11	T4,T8
16397263	0	T1,T6
16397263	6	T2,T7
16397263	7	T3,T8
16397263	8	T4,T9
16397263	9	T5,T10
16398929	0	T1,T2
16407246	5	T1,T3
16407246	7	T2,T4
16426349	1	T1,T2
16427816	1	T1,T2
16434140	1	T1,T2
16436705	7	T1,T2
16449525	3	T1,T2
16452989	1	T1,T2
16456024	0	T1,T5
16456024	3	T2,T6
16456024	9	T3,T7
16456024	12	T4,T8
16460947	1	T1,T2
1646776	2	T1,T2
16467980	1	T1,T2
16495076	0	T1,T7
16495076	1	T2,T8
16495076	3	T3,T9
16495076	6	T4,T10
16495076	9	T5,T11
16495076	10	T6,T12
16503922	5	T1,T2
16505027	1	T1,T2
16505108	1	T1,T2,T3
16513821	3	T1,T2
1651852	10	T1,T2
16518831	2	T1,T2
16519964	7	T1,T2
16523405	1	T1,T2
16543605	9	T1,T2
1654566	2	T1,T2
16545798	3	T1,T3
16545798	8	T2,T4
16551906	3	T1,T6
16551906	4	T2,T7
16551906	5	T3,T8
16551906	6	T4,T9
16551906	8	T5,T10
16552142	2	T1,T2
16554486	7	T1,T2
16556440	0	T1,T7
16556440	2	T2,T8
16556440	3	T3,T9
16556440	4	T4,T10
16556440	16	T5,T11
16556440	18	T6,T12
16563128	0	T1,T2
16574083	1	T1,T7
16574083	2	T2,T8
16574083	4	T3,T9
16574083	7	T4,T10
16574083	8	T5,T11
16574083	10	T6,T12
16574446	8	T1,T2
16580639	1	T1,T2,T3
16600468	6	T1,T7
16600468	7	T2,T8
16600468	8	T3,T9
16600468	9	T4,T10
16600468	13	T5,T11
16600468	14	T6,T12
1660351	0	T1,T3
1660351	2	T2,T4
16611310	0	T1,T5
16611310	3	T2,T6
16611310	5	T3,T7
16611310	8	T4,T8
16621347	4	T1,T2
16629860	2	T1,T4
16629860	8	T2,T5
16629860	9	T3,T6
16636268	7	T1,T3
16636268	8	T2,T4
16639024	1	T1,T2
16682505	1	T1,T8
16682505	4	T2,T9
16682505	5	T3,T10
16682505	6	T4,T11
16682505	7	T5,T12
16682505	8	T6,T13
16682505	9	T7,T14
16704974	0	T1,T2
16707409	3	T1,T4
16707409	6	T2,T5
16707409	7	T3,T6
16708051	0	T1,T2
16713439	3	T1,T2
16723495	1	T1,T6
16723495	2	T2,T7
16723495	6	T3,T8
16723495	7	T4,T5,T9
16735511	1	T1,T3
16735511	4	T2,T4
16749788	1	T1,T2
16760463	1	T1,T2
1678728	0	T1,T5
1678728	1	T2,T6
1678728	3	T3,T7
1678728	9	T4,T8
16788729	1	T1,T4
16788729	2	T2,T5
16788729	3	T3,T6
16793069	2	T1,T8
16793069	3	T2,T9
16793069	4	T3,T10
16793069	5	T4,T11
16793069	6	T5,T12
16793069	7	T6,T13
16793069	8	T7,T14
16803890	4	T1,T4
16803890	5	T2,T5
16803890	11	T3,T6
16808554	3	T1,T2
16815313	0	T1,T3
16815313	1	T2,T4
16816921	2	T1,T2
16817851	6	T1,T2
16818707	2	T1,T2,T3,T4
16824050	3	T1,T2
16835302	0	T1,T6
16835302	1	T2,T7
16835302	2	T3,T8
16835302	4	T4,T9
16835302	5	T5,T10
16841073	0	T1,T3
16841073	11	T2,T4
16854056	4	T1,T2
16855451	2	T1,T2
16857744	8	T1,T3
16857744	11	T2,T4
16860312	10	T1,T2
16860785	1	T1,T4,T5
16860785	2	T2,T6,T7
16860785	6	T3,T8,T9
16864492	1	T1,T2
16864903	0	T1,T7
16864903	2	T2,T8
16864903	3	T3,T9
16864903	4	T4,T10
16864903	5	T5,T11
16864903	7	T6,T12
16869821	0	T1,T5
16869821	2	T2,T6
16869821	4	T3,T7
16869821	5	T4,T8
16885432	3	T1,T9
16885432	4	T2,T10
16885432	5	T3,T11
16885432	6	T4,T12
16885432	7	T5,T13
16885432	9	T6,T14
16885432	10	T7,T15
16885432	11	T8,T16
16886928	1	T1,T2
16892359	1	T1,T2
16895478	0	T1,T2
16895552	8	T1,T2
16899369	4	T1,T2
1690310	0	T1,T3
1690310	5	T2,T4
16905159	0	T1,T5
16905159	4	T2,T6
16905159	5	T3,T7
16905159	7	T4,T8
16906017	1	T1,T2
16917013	0	T1,T3
16917013	4	T2,T4
16942602	3	T1,T2
16945924	2	T1,T3
16945924	4	T2,T4
16952163	2	T1,T2
16966178	1	T1,T2
16966686	0	T1,T4
16966686	1	T2,T5
16966686	2	T3,T6
16971653	2	T1,T2
16981227	0	T1,T3
16981227	1	T2,T4
16981708	1	T1,T3
16981708	5	T2,T4
16983399	5	T1,T2
17000136	4	T1,T5
17000136	6	T2,T6
17000136	9	T3,T7
17000136	10	T4,T8
17001291	0	T1,T3
17001291	2	T2,T4
17003348	5	T1,T3
17003348	6	T2,T4
17015480	3	T1,T7
17015480	5	T2,T8
17015480	7	T3,T9
17015480	8	T4,T10
17015480	13	T5,T11
17015480	14	T6,T12
17020465	0	T1,T4
17020465	1	T2,T5
17020465	2	T3,T6
17023504	0	T1,T5
17023504	2	T2,T6
17023504	7	T3,T7
17023504	10	T4,T8
17023534	5	T1,T2
17038430	6	T1,T2
17038445	2	T1,T4
17038445	3	T2,T5
17038445	7	T3,T6
17053162	0	T1,T4
17053162	3	T2,T5
17053162	8	T3,T6
17056009	0	T1,T8
17056009	2	T2,T9
17056009	3	T3,T10
17056009	5	T4,T11
17056009	7	T5,T12
17056009	8	T6,T13
17056009	9	T7,T14
17062688	3	T1,T2
17063156	4	T1,T2
17065054	5	T1,T2
17068198	1	T1,T3
17068198	5	T2,T4
17068342	5	T1,T3
17068342	11	T2,T4
17071728	1	T1,T2
17076770	3	T1,T4
17076770	7	T2,T5
17076770	12	T3,T6
17083486	5	T1,T2
17090651	5	T1,T2
17092607	4	T1,T2
17101561	1	T1,T3
17101561	4	T2,T4
17102120	13	T1,T2
17109827	4	T1,T2
17114825	4	T1,T3
17114825	10	T2,T4
17118173	3	T1,T2
17130456	3	T1,T4
17130456	6	T2,T5
17130456	12	T3,T6
17131328	8	T1,T7
17131328	9	T2,T8
17131328	10	T3,T9
17131328	11	T4,T10
17131328	12	T5,T11
17131328	13	T6,T12
17134027	2	T1,T3
17134027	5	T2,T4
17137369	1	T1,T2
17155953	0	T1,T2
17158208	6	T1,T2
17158446	6	T1,T4
17158446	8	T2,T5
17158446	9	T3,T6
17158759	8	T1,T3
17158759	11	T2,T4
17175104	0	T1,T8
17175104	1	T2,T9
17175104	3	T3,T10
17175104	6	T4,T11
17175104	8	T5,T12
17175104	10	T6,T13
17175104	11	T7,T14
17178882	2	T1,T2
17181139	0	T1,T3
17181139	2	T2,T4
17184542	0	T1,T2
17192772	0	T1,T5
17192772	1	T2,T6
17192772	2	T3,T7
17192772	9	T4,T8
17199874	1	T1,T3
17199874	8	T2,T4
17202402	3	T1,T4,T5
17202402	6	T2,T6
17202402	9	T3,T7
17212650	4	T1,T3
17212650	8	T2,T4
17223989	1	T1,T3
17223989	3	T2,T4
17224717	3	T1,T4
17224717	5	T2,T5
17224717	8	T3,T6
17226798	0	T1,T4
17226798	2	T2,T5,T6
17226798	6	T3,T7
17230521	5	T1,T2
17234180	7	T1,T2
17234899	1	T1,T5
17234899	4	T2,T6
17234899	7	T3,T7
17234899	9	T4,T8
17234900	1	T1,T2,T4
17234900	4	T3,T5
17243824	4	T1,T3
17243824	5	T2,T4
17251911	9	T1,T2
17258197	7	T1,T2
17259370	3	T1,T5
17259370	4	T2,T6
17259370	6	T3,T7
17259370	7	T4,T8
17260025	1	T1,T2
17266941	3	T1,T2
17273558	2	T1,T2
17273750	9	T1,T2
17287200	0	T1,T4
17287200	1	T2,T5
17287200	2	T3,T6
17296815	6	T1,T2
17300755	2	T1,T2
17301410	0	T1,T3,T4
17301410	3	T2,T5,T6,T7,T8,T9
17308006	4	T1,T3
17308006	6	T2,T4
17314321	9	T1,T2
17322116	2	T1,T3
17322116	4	T2,T4
1732532	1	T1,T2
17336114	1	T1,T3
17336114	2	T2,T4
17337452	2	T1,T2
17346280	4	T1,T2
17350930	1	T1,T2
17355124	0	T1,T5
17355124	1	T2,T6
17355124	13	T3,T7
17355124	16	T4,T8
17355125	0	T1,T3
17355125	1	T2,T4
17356573	2	T1,T3
17356573	4	T2,T4
17360906	7	T1,T3
17360906	8	T2,T4
17364237	1	T1,T3
17364237	5	T2,T4
17367763	1	T1,T4,T5,T6,T7
17367763	4	T2,T8
17367763	7	T3,T9
17379648	6	T1,T3
17379648	10	T2,T4
17385063	4	T1,T3
17385063	6	T2,T4
17389618	7	T1,T2
17394052	2	T1,T3
17394052	5	T2,T4
17403057	9	T1,T2
17405869	4	T1,T2
17408613	0	T1,T2
17408927	2	T1,T2
17417877	7	T1,T2
17428498	1	T1,T2
17430993	0	T1,T8
17430993	6	T2,T9
17430993	7	T3,T10
17430993	8	T4,T11
17430993	9	T5,T12
17430993	10	T6,T13
17430993	11	T7,T14
17431118	0	T1,T8
17431118	6	T2,T9
17431118	7	T3,T10
17431118	8	T4,T11
17431118	9	T5,T12
17431118	10	T6,T13
17431118	11	T7,T14
17431542	3	T1,T2
17436372	0	T1,T2,T3
17442842	3	T1,T8
17442842	4	T2,T9
17442842	6	T3,T10
17442842	7	T4,T11
17442842	8	T5,T12
17442842	10	T6,T13
17442842	11	T7,T14
17442976	4	T1,T4
17442976	6	T2,T5
17442976	9	T3,T6
17445919	0	T1,T2
17455212	0	T1,T3
17455212	2	T2,T4
17456683	0	T1,T4,T5
17456683	3	T2,T6,T7
17456683	4	T3,T8
17458563	0	T1,T3
17458563	1	T2,T4
17460608	2	T1,T2,T3
17474542	0	T1,T2
17485303	2	T1,T2
17486546	0	T1,T4
17486546	1	T2,T5
17486546	9	T3,T6
17498959	0	T1,T3
17498959	1	T2,T4
17502428	5	T1,T2,T5
17502428	7	T3,T6
17502428	9	T4,T7
17506934	1	T1,T2
17513393	6	T1,T3
17513393	8	T2,T4
17516707	3	T1,T3
17516707	6	T2,T4
17521299	6	T1,T2
17524933	1	T1,T2
17526944	0	T1,T8
17526944	1	T2,T9
17526944	7	T3,T10
17526944	9	T4,T11
17526944	10	T5,T12
17526944	11	T6,T13
17526944	12	T7,T14
17537059	10	T1,T2
17545544	0	T1,T3
17545544	3	T2,T4,T5
17553470	5	T1,T3
17553470	7	T2,T4
17555598	0	T1,T3
17555598	1	T2,T4
17558310	1	T1,T2
17559139	0	T1,T2
17559790	1	T1,T2
17573046	2	T1,T4
17573046	6	T2,T5
17573046	7	T3,T6
17573128	3	T1,T2
17575107	2	T1,T3
17575107	11	T2,T4
17575216	1	T1,T2
17578914	1	T1,T4
17578914	5	T2,T5
17578914	6	T3,T6
17588330	1	T1,T2
17588331	0	T1,T3
17588331	1	T2,T4
17591676	2	T1,T7,T8
17591676	7	T2,T9,T10
17591676	8	T3,T11
17591676	9	T4,T12
17591676	10	T5,T13
17591676	11	T6,T14,T15,T16
17592198	3	T1,T2
17610002	11	T1,T2
17613539	1	T1,T2
17628506	1	T1,T4
17628506	2	T2,T5
17628506	3	T3,T6
17631921	8	T1,T2
17636172	1	T1,T3
17636172	2	T2,T4
17639997	7	T1,T2
17653141	0	T1,T2
17659402	9	T1,T2
17699867	2	T1,T2
17715389	0	T1,T4
17715389	1	T2,T5
17715389	6	T3,T6
1783326	1	T1,T2
17851563	5	T1,T2
17898305	2	T1,T2
17912044	3	T1,T3,T4
17912044	7	T2,T5,T6
17995453	8	T1,T2
18061638	11	T1,T2,T3
18077625	6	T1,T2
18079279	1	T1,T5
18079279	2	T2,T6
18079279	7	T3,T7
18079279	11	T4,T8
18237195	3	T1,T9
18237195	4	T2,T10
18237195	6	T3,T11
18237195	7	T4,T12
18237195	8	T5,T13
18237195	9	T6,T14
18237195	10	T7,T15
18237195	11	T8,T16
18343915	3	T1,T3,T4
18343915	7	T2,T5,T6
1838579	4	T1,T2
18472336	3	T1,T4,T5,T6
18472336	7	T2,T7
18472336	8	T3,T8,T9
1847384	4	T1,T5
1847384	5	T2,T6
1847384	6	T3,T7
1847384	8	T4,T8
18501888	1	T1,T5
18501888	2	T2,T6
18501888	3	T3,T7
18501888	4	T4,T8
18516076	3	T1,T2
18541897	2	T1,T2
18544567	0	T1,T3
18544567	3	T2,T4
18560757	1	T1,T2
18600528	1	T1,T2
1863523	0	T1,T5
1863523	1	T2,T6
1863523	5	T3,T7
1863523	8	T4,T8
18657662	0	T1,T2
18704368	7	T1,T3
18704368	10	T2,T4
18794803	3	T1,T3
18794803	6	T2,T4
18839173	2	T1,T2
18948374	0	T1,T2
18976723	6	T1,T2
18991872	4	T1,T3
18991872	10	T2,T4
19000823	6	T1,T2
19066855	0	T1,T3
19066855	4	T2,T4
19147680	2	T1,T5
19147680	4	T2,T6
19147680	9	T3,T7
19147680	11	T4,T8
19337725	0	T1,T2
19376361	1	T1,T2
19417176	0	T1,T6
19417176	2	T2,T7
19417176	4	T3,T8
19417176	6	T4,T9
19417176	8	T5,T10
19427037	0	T1,T4
19427037	3	T2,T5
19427037	8	T3,T6
19458386	3	T1,T2
19460945	2	T1,T4
19460945	3	T2,T5
19460945	6	T3,T6
19463689	6	T1,T2
19463840	1	T1,T3,T4
19463840	5	T2,T5,T6
19464167	3	T1,T2
19465935	3	T1,T2
19470293	2	T1,T3
19470293	3	T2,T4,T5
19515843	0	T1,T6
19515843	5	T2,T7
19515843	6	T3,T8
19515843	7	T4,T9
19515843	8	T5,T10
19533734	8	T1,T2
19616061	1	T1,T2,T14
19616061	2	T3,T15
19616061	4	T4,T5,T16
19616061	5	T6,T7,T17
19616061	6	T8,T9,T18
19616061	7	T10,T11,T19
19616061	8	T12,T13,T20
19654053	1	T1,T2
1965892	10	T1,T2
19668749	2	T1,T2
19669185	1	T1,T2
19673610	2	T1,T3
19673610	5	T2,T4
19730427	0	T1,T2
19744340	2	T1,T2,T3
19774211	6	T1,T2
19796047	3	T1,T2
19808995	4	T1,T6
19808995	5	T2,T7
19808995	6	T3,T8
19808995	7	T4,T9
19808995	8	T5,T10
19820031	2	T1,T2
19822896	1	T1,T2
19828880	7	T1,T2
19833195	4	T1,T2
19886911	1	T1,T2
19920925	5	T1,T3
19920925	6	T2,T4
1994002	5	T1,T2
19966183	0	T1,T3
19966183	2	T2,T4,T5
20007701	5	T1,T2
20014331	3	T1,T2
20137114	1	T1,T2
20141432	3	T1,T3
20141432	4	T2,T4
20149798	3	T1,T2
20197484	0	T1,T2
20400469	2	T1,T4
20400469	3	T2,T5
20400469	6	T3,T6
20439738	4	T1,T2
20463020	3	T1,T3
20463020	5	T2,T4
20502133	0	T1,T2
20512624	3	T1,T2,T5,T6,T7
20512624	9	T3,T8
20512624	11	T4,T9,T10
20522800	1	T1,T3
20522800	3	T2,T4
20522977	1	T1,T2
20627999	2	T1,T6
20627999	4	T2,T7
20627999	5	T3,T8
20627999	7	T4,T9
20627999	10	T5,T10
20637823	10	T1,T2
20645691	2	T1,T3
20645691	8	T2,T4
20653327	0	T1,T4
20653327	9	T2,T5
20653327	11	T3,T6
20658522	0	T1,T7,T8
20658522	4	T2,T9,T10
20658522	5	T3,T11
20658522	6	T4,T12
20658522	7	T5,T13
20658522	8	T6,T14
20682597	0	T1,T3
20682597	2	T2,T4
20732414	7	T1,T2
20811699	2	T1,T2
20827267	7	T1,T2
20870038	1	T1,T2
21036126	4	T1,T5
21036126	7	T2,T6
21036126	9	T3,T7
21036126	10	T4,T8
21054754	1	T1,T2
21091776	0	T1,T4
21091776	2	T2,T5
21091776	3	T3,T6
21129983	4	T1,T2
21143836	0	T1,T3
21143836	3	T2,T4
21177475	8	T1,T4
21177475	9	T2,T5
21177475	11	T3,T6
21208749	2	T1,T2
22293084	0	T1,T4
22293084	1	T2,T5
22293084	2	T3,T6
22517326	3	T1,T3
22517326	6	T2,T4
22520687	0	T1,T6
22520687	1	T2,T7
22520687	5	T3,T8
22520687	6	T4,T9
22520687	8	T5,T10
2253700	0	T1,T8
2253700	1	T2,T9
2253700	2	T3,T10
2253700	3	T4,T11
2253700	4	T5,T12
2253700	6	T6,T13
2253700	9	T7,T14
22790794	5	T1,T2
2307235	2	T1,T2
23134735	8	T1,T2
23190395	9	T1,T2
23204107	1	T1,T2
23250851	1	T1,T2
23372609	3	T1,T2
23468082	0	T1,T2
23526464	0	T1,T2
23539538	0	T1,T6
23539538	4	T2,T7
23539538	6	T3,T8
23539538	7	T4,T9
23539538	9	T5,T10
23563275	0	T1,T5
23563275	1	T2,T6
23563275	2	T3,T7
23563275	3	T4,T8
23563700	0	T1,T7
23563700	3	T2,T8
23563700	5	T3,T9
23563700	7	T4,T10
23563700	9	T5,T11
23563700	11	T6,T12
23583259	3	T1,T3
23583259	4	T2,T4
2432979	0	T1,T5
2432979	2	T2,T6
2432979	9	T3,T7
2432979	11	T4,T8
24947465	5	T1,T4,T5
24947465	6	T2,T6
24947465	9	T3,T7
2502209	7	T1,T2
25354738	1	T1,T2
25534555	2	T1,T3,T4
25534555	3	T2,T5,T6
2568436	2	T1,T2
25850750	0	T1,T4
25850750	3	T2,T5
25850750	4	T3,T6
2586634	9	T1,T2
25981132	0	T1,T3
25981132	1	T2,T4
2625138	1	T1,T2
26384788	0	T1,T2
26510944	3	T1,T2
26658258	7	T1,T2
2723642	5	T1,T2
2828423	5	T1,T2,T3
2835832	2	T1,T2
2887435	8	T1,T2
2904117	6	T1,T2
2913485	4	T1,T2
2933041	2	T1,T2
2985086	1	T1,T2
3020249	2	T1,T2
3022601	1	T1,T5
3022601	3	T2,T6
3022601	6	T3,T7
3022601	7	T4,T8
3036471	6	T1,T3
3036471	7	T2,T4
3037028	3	T1,T2
3076376	0	T1,T2
3208836	3	T1,T2
4091799	2	T1,T6
4091799	5	T2,T7
4091799	6	T3,T8
4091799	10	T4,T9
4091799	13	T5,T10
6124875	5	T1,T3
6124875	8	T2,T4
6247160	1	T1,T2
6451613	1	T1,T2
6646243	1	T1,T2
6704779	0	T1,T3
6704779	3	T2,T4
6789797	1	T1,T2
7286847	1	T1,T3
7286847	5	T2,T4
7362049	0	T1,T5
7362049	2	T2,T6
7362049	4	T3,T7
7362049	10	T4,T8
7473177	0	T1,T8
7473177	1	T2,T9
7473177	3	T3,T10
7473177	5	T4,T11
7473177	6	T5,T12
7473177	7	T6,T13
7473177	8	T7,T14
7488490	6	T1,T3
7488490	10	T2,T4
7511759	1	T1,T2
7518029	2	T1,T3
7518029	3	T2,T4
7520908	2	T1,T4
7520908	3	T2,T5
7520908	5	T3,T6
7530204	4	T1,T2
7540578	1	T1,T5
7540578	3	T2,T6
7540578	5	T3,T7
7540578	7	T4,T8
7548008	2	T1,T2
7562537	6	T1,T2,T3
7585327	0	T1,T3
7585327	1	T2,T4
7681475	3	T1,T2
7700252	3	T1,T2
7750284	3	T1,T2,T3
7843749	0	T1,T3
7843749	1	T2,T4
7855217	5	T1,T2,T3
7858879	0	T1,T3
7858879	2	T2,T4
7898773	4	T1,T3
7898773	5	T2,T4
7921608	0	T1,T4
7921608	1	T2,T5
7921608	10	T3,T6
7928982	0	T1,T3
7928982	4	T2,T4
7962113	5	T1,T2
8000225	3	T1,T3
8000225	5	T2,T4
8003661	1	T1,T2
8020989	1	T1,T2
8070313	8	T1,T4
8070313	11	T2,T5,T6
8070313	12	T3,T7,T8
8081071	2	T1,T3
8081071	3	T2,T4
8098761	7	T1,T3
8098761	10	T2,T4
8144028	1	T1,T4
8144028	2	T2,T5
8144028	3	T3,T6
8182534	9	T1,T2
8242249	0	T1,T4
8242249	1	T2,T5
8242249	3	T3,T6
8298083	0	T1,T2
8392199	7	T1,T2
8513851	0	T1,T4
8513851	1	T2,T5
8513851	6	T3,T6
8521855	1	T1,T2
8566109	0	T1,T2
8576220	5	T1,T3
8576220	6	T2,T4
8577935	0	T1,T8
8577935	1	T2,T9
8577935	3	T3,T10
8577935	4	T4,T11
8577935	8	T5,T12
8577935	9	T6,T13
8577935	10	T7,T14
8605869	11	T1,T2
8609227	1	T1,T4
8609227	2	T2,T5
8609227	5	T3,T6
8610169	7	T1,T2
8612523	3	T1,T2
8615854	8	T1,T2
8622623	5	T1,T2
8652509	3	T1,T2
8657204	2	T1,T2
8664284	0	T1,T8
8664284	1	T2,T9
8664284	2	T3,T10
8664284	3	T4,T11
8664284	4	T5,T12
8664284	5	T6,T13
8664284	8	T7,T14
8700146	5	T1,T5
8700146	6	T2,T6
8700146	8	T3,T7
8700146	10	T4,T8
8737748	9	T1,T2
8741180	1	T1,T4
8741180	2	T2,T5
8741180	5	T3,T6
8762097	0	T1,T6
8762097	1	T2,T7
8762097	6	T3,T8
8762097	7	T4,T9
8762097	16	T5,T10
8781782	1	T1,T3
8781782	7	T2,T4
8786535	6	T1,T2,T3
8787774	8	T1,T2
8788445	5	T1,T2
8809191	4	T1,T2
8842678	9	T1,T2
8876023	1	T1,T3
8876023	6	T2,T4
8886398	6	T1,T2
8904614	0	T1,T5
8904614	1	T2,T6
8904614	3	T3,T7
8904614	18	T4,T8
8922878	3	T1,T4,T5
8922878	4	T2,T6,T7
8922878	7	T3,T8
8997630	2	T1,T3
8997630	6	T2,T4
9013583	4	T1,T3
9013583	5	T2,T4
9035701	3	T1,T2
9048584	4	T1,T2
9056052	0	T1,T2
9108546	1	T1,T3
9108546	7	T2,T4
9120573	7	T1,T2,T3
9127118	0	T1,T4
9127118	1	T2,T5
9127118	2	T3,T6
9127492	8	T1,T2
9145928	2	T1,T2
9152412	5	T1,T2
9256165	11	T1,T3
9256165	14	T2,T4
9259062	0	T1,T2
9310465	6	T1,T2
9326581	9	T1,T2
9357398	4	T1,T3
9357398	5	T2,T4
9364810	0	T1,T4
9364810	1	T2,T5
9364810	2	T3,T6
9380737	1	T1,T2
9387868	5	T1,T4
9387868	6	T2,T5
9387868	7	T3,T6
9422361	4	T1,T2
9439778	2	T1,T3
9439778	5	T2,T4
9454790	4	T1,T2
9506845	1	T1,T4
9506845	2	T2,T5
9506845	6	T3,T6
9541386	6	T1,T2
9564606	0	T1,T4
9564606	2	T2,T5
9564606	6	T3,T6
9570326	4	T1,T2
9572299	0	T1,T4
9572299	1	T2,T5
9572299	3	T3,T6
9602957	0	T1,T2
9605573	0	T1,T3
9605573	2	T2,T4
9647463	6	T1,T3
9647463	7	T2,T4
9648873	8	T1,T3
9648873	12	T2,T4
9650800	4	T1,T2,T3,T4
9685234	5	T1,T2
9685354	7	T1,T2
9694935	0	T1,T6
9694935	4	T2,T7
9694935	5	T3,T8
9694935	11	T4,T9
9694935	12	T5,T10
9712836	3	T1,T2
9733584	2	T1,T2
9740313	8	T1,T2
9765513	1	T1,T3
9765513	5	T2,T4
9806333	10	T1,T2
9822768	4	T1,T2
9885294	5	T1,T2
9886939	0	T1,T7
9886939	4	T2,T8
9886939	6	T3,T9
9886939	7	T4,T10
9886939	9	T5,T11
9886939	10	T6,T12
9892163	1	T1,T3
9892163	12	T2,T4
9929558	0	T1,T3
9929558	1	T2,T4
9990413	4	T1,T3
9990413	5	T2,T4
9990415	9	T1,T2
